Page,URL,Language,Currently Reading,Want to Read
1,https://www.goodreads.com/book/show/30165203-american-gods,Not Found,Not Found,Not Found
1,https://www.goodreads.com/book/show/17061.Coraline,English,12k,655k
1,https://www.goodreads.com/book/show/18505792-the-ocean-at-the-end-of-the-lane,Not Found,15k,527k
1,https://www.goodreads.com/book/show/2213661.The_Graveyard_Book,English,13.4k,425k
1,https://www.goodreads.com/book/show/14497.Neverwhere,English,19.7k,490k
1,https://www.goodreads.com/book/show/16793.Stardust,English,10.2k,395k
1,https://www.goodreads.com/book/show/37903770-norse-mythology,Not Found,27.5k,320k
1,https://www.goodreads.com/book/show/23754.Preludes_Nocturnes,English,"7,466",204k
1,https://www.goodreads.com/book/show/2744.Anansi_Boys,English,"7,130",125k
1,https://www.goodreads.com/book/show/25100.The_Sandman_Vol_3,English,"1,245",60.1k
1,https://www.goodreads.com/book/show/25099.The_Sandman_Vol_2,English,"2,073",36.4k
1,https://www.goodreads.com/book/show/25101.The_Sandman_Vol_4,English,909,26.3k
1,https://www.goodreads.com/book/show/25102.The_Sandman_Vol_5,English,566,24.6k
1,https://www.goodreads.com/book/show/16790.Smoke_and_Mirrors,English,"3,132",54.7k
1,https://www.goodreads.com/book/show/59903442-fragile-things,Not Found,"4,424",60k
1,https://www.goodreads.com/book/show/25105.The_Sandman_Vol_7,English,462,22.2k
1,https://www.goodreads.com/book/show/18310944-the-sandman,Not Found,699,56.9k
1,https://www.goodreads.com/book/show/17349203-fortunately-the-milk,Not Found,987,38.4k
1,https://www.goodreads.com/book/show/25106.The_Sandman_Vol_6,English,769,21.6k
1,https://www.goodreads.com/book/show/22522808-trigger-warning,Not Found,"5,743",119k
1,https://www.goodreads.com/book/show/25103.The_Sandman_Vol_8,English,415,538
1,https://www.goodreads.com/book/show/71252.The_Sandman_Vol_9,English,437,22.7k
1,https://www.goodreads.com/book/show/15719.Marvel_1602,English,"1,410",58.8k
1,https://www.goodreads.com/book/show/25104.The_Sandman_Vol_10,English,288,21.8k
1,https://www.goodreads.com/book/show/23301545-the-sleeper-and-the-spindle,English,841,50.8k
1,https://www.goodreads.com/book/show/16791.Death,English,124,31k
1,https://www.goodreads.com/book/show/2108198.Odd_and_the_Frost_Giants,English,596,22k
1,https://www.goodreads.com/book/show/47720.The_Sandman,English,221,14k
1,https://www.goodreads.com/book/show/79257.Don_t_Panic,English,"3,627",21.7k
1,https://www.goodreads.com/book/show/23753.The_Absolute_Sandman_Volume_1,English,532,18.1k
2,https://www.goodreads.com/book/show/166580.The_Sandman,English,86,13.5k
2,https://www.goodreads.com/book/show/40090596-art-matters,English,240,26.4k
2,https://www.goodreads.com/book/show/47701.InterWorld,English,851,13.4k
2,https://www.goodreads.com/book/show/5599692-batman,English,103,10.6k
2,https://www.goodreads.com/book/show/18738869-the-graveyard-book-graphic-novel-volume-1,English,401,11.7k
2,https://www.goodreads.com/book/show/22341.The_Wolves_in_the_Walls,English,45,"9,707"
2,https://www.goodreads.com/book/show/17727.The_Books_of_Magic,English,435,17.3k
2,https://www.goodreads.com/book/show/47699.M_Is_for_Magic,English,725,14.1k
2,https://www.goodreads.com/book/show/24331386-the-view-from-the-cheap-seats,Not Found,"2,451",35.3k
2,https://www.goodreads.com/book/show/45303582-snow-glass-apples,English,429,15.5k
2,https://www.goodreads.com/book/show/18245516-the-sandman-1,Not Found,221,"9,683"
2,https://www.goodreads.com/book/show/22339.Death,English,18,"6,234"
2,https://www.goodreads.com/book/show/26838903-how-the-marquis-got-his-coat-back,Not Found,131,"8,858"
2,https://www.goodreads.com/book/show/6307034-the-sandman,English,85,"5,458"
2,https://www.goodreads.com/book/show/42285661-the-quite-nice-and-fairly-accurate-good-omens-script-book,English,630,"9,790"
2,https://www.goodreads.com/book/show/47693.The_Day_I_Swapped_My_Dad_for_Two_Goldfish,English,17,"5,238"
2,https://www.goodreads.com/book/show/47700.Black_Orchid,English,133,11.2k
2,https://www.goodreads.com/book/show/1025685.The_Absolute_Sandman_Volume_2,English,217,"4,292"
2,https://www.goodreads.com/book/show/18635092-the-truth-is-a-cave-in-the-black-mountains,English,203,"6,265"
2,https://www.goodreads.com/book/show/16240792-make-good-art,English,59,16.8k
2,https://www.goodreads.com/book/show/3375878-the-absolute-sandman-volume-4,English,62,"4,079"
2,https://www.goodreads.com/book/show/16248246-unnatural-creatures,English,"1,400",27.2k
2,https://www.goodreads.com/book/show/47694.Eternals,English,449,"8,039"
2,https://www.goodreads.com/book/show/92377.The_Sandman,English,397,18.4k
2,https://www.goodreads.com/book/show/6599565-a-study-in-emerald,Not Found,47,10.5k
2,https://www.goodreads.com/book/show/13532194-death,English,427,"7,982"
2,https://www.goodreads.com/book/show/2186848.The_Absolute_Sandman_Volume_3,English,123,"4,058"
2,https://www.goodreads.com/book/show/20718289-hansel-and-gretel,English,71,25.7k
2,https://www.goodreads.com/book/show/7023148-instructions,English,26,"4,997"
2,https://www.goodreads.com/book/show/20452208-the-graveyard-book-graphic-novel-volume-2,English,138,"2,919"
3,https://www.goodreads.com/book/show/760984.MirrorMask,English,27,"5,668"
3,https://www.goodreads.com/book/show/28186151-how-to-talk-to-girls-at-parties,English,82,"4,734"
3,https://www.goodreads.com/book/show/16792.The_Tragical_Comedy_or_Comical_Tragedy_of_Mr_Punch,English,35,"5,901"
3,https://www.goodreads.com/book/show/13378509-how-to-talk-to-girls-at-parties,Not Found,121,"5,478"
3,https://www.goodreads.com/book/show/6366271-snow-glass-apples,Not Found,35,"9,242"
3,https://www.goodreads.com/book/show/36709515-a-study-in-emerald,English,236,"6,507"
3,https://www.goodreads.com/book/show/1967067.Blueberry_Girl,English,25,"4,779"
3,https://www.goodreads.com/book/show/17255666-sandman-tom-1-sen-sprawiedliwych,Polish,14,"6,803"
3,https://www.goodreads.com/book/show/7637398-stories,English,830,"7,918"
3,https://www.goodreads.com/book/show/18245822-the-monarch-of-the-glen,Not Found,79,11.6k
3,https://www.goodreads.com/book/show/490789.Murder_Mysteries,English,65,"5,169"
3,https://www.goodreads.com/book/show/20362706-neverwhere,Not Found,69,"1,810"
3,https://www.goodreads.com/book/show/57344241-chivalry,English,57,"3,200"
3,https://www.goodreads.com/book/show/16248073-the-silver-dream,English,205,"4,948"
3,https://www.goodreads.com/book/show/24520334-neil-gaiman-and-charles-vess-stardust-1,Not Found,31,"5,165"
3,https://www.goodreads.com/book/show/15727792-chu-s-day,Not Found,24,"4,077"
3,https://www.goodreads.com/book/show/18780631-the-sandman,Not Found,36,"4,259"
3,https://www.goodreads.com/book/show/104602.The_Quotable_Sandman,English,4,"2,285"
3,https://www.goodreads.com/book/show/60012216-the-sandman,English,871,"1,877"
3,https://www.goodreads.com/book/show/26988338-1602,Not Found,31,"4,027"
3,https://www.goodreads.com/book/show/35543916-american-gods-vol-1,English,345,"2,675"
3,https://www.goodreads.com/book/show/1967071.The_Dangerous_Alphabet,English,8,"3,040"
3,https://www.goodreads.com/book/show/17137673-the-sandman-omnibus-vol-1,English,414,"3,953"
3,https://www.goodreads.com/book/show/428658.Violent_Cases,English,9,"2,877"
3,https://www.goodreads.com/book/show/166570.Signal_to_Noise,English,44,"4,363"
3,https://www.goodreads.com/book/show/18754367-doctor-who,Not Found,66,"2,777"
3,https://www.goodreads.com/book/show/47696.The_Last_Temptation,English,65,"5,395"
3,https://www.goodreads.com/book/show/10864102-the-absolute-sandman-volume-5,English,31,"2,926"
3,https://www.goodreads.com/book/show/158649504-what-you-need-to-be-warm,English,28,"7,920"
3,https://www.goodreads.com/book/show/50212052-pirate-stew,English,19,"2,573"
4,https://www.goodreads.com/book/show/13389825-cinnamon,Not Found,29,"2,007"
4,https://www.goodreads.com/book/show/4583488-crazy-hair,Not Found,9,"1,641"
4,https://www.goodreads.com/book/show/23131075-eternity-s-wheel,English,153,"3,223"
4,https://www.goodreads.com/book/show/47695.Harlequin_Valentine,English,14,"2,145"
4,https://www.goodreads.com/book/show/47702.Neil_Gaiman_s_Midnight_Days,English,143,"5,968"
4,https://www.goodreads.com/book/show/16109478-click-clack-the-rattlebag,Not Found,19,"2,205"
4,https://www.goodreads.com/book/show/31199023-black-dog,English,51,"6,806"
4,https://www.goodreads.com/book/show/2136943.American_Gods_Anansi_Boys,French,172,"2,761"
4,https://www.goodreads.com/book/show/16794.The_Facts_In_The_Case_Of_The_Departure_Of_Miss_Finch,English,28,"2,054"
4,https://www.goodreads.com/book/show/22344.Creatures_Of_The_Night,English,15,"1,875"
4,https://www.goodreads.com/book/show/22337.The_Neil_Gaiman_Audio_Collection,English,15,894
4,https://www.goodreads.com/book/show/50358085-the-neil-gaiman-reader,English,936,21.3k
4,https://www.goodreads.com/book/show/17671956-the-sandman-omnibus-vol-2,English,148,"1,860"
4,https://www.goodreads.com/book/show/60012215-the-sandman,English,239,847
4,https://www.goodreads.com/book/show/28371842-the-graveyard-book,Italian,77,986
4,https://www.goodreads.com/book/show/6771443-coraline-and-other-stories,English,75,"2,204"
4,https://www.goodreads.com/book/show/17327.Angels_and_Visitations,English,24,"2,055"
4,https://www.goodreads.com/book/show/17718088-chu-s-first-day-of-school,English,12,929
4,https://www.goodreads.com/book/show/198474.Miracleman_Book_One,English,32,"1,313"
4,https://www.goodreads.com/book/show/37955366-american-gods-vol-2,English,84,"1,149"
4,https://www.goodreads.com/book/show/48932528-the-sandman,English,215,801
4,https://www.goodreads.com/book/show/54808890-norse-mythology-vol-1,English,77,918
4,https://www.goodreads.com/book/show/30206743-forbidden-brides-of-the-faceless-slaves-in-the-secret-house-of-the-night,English,49,"1,107"
4,https://www.goodreads.com/book/show/22864821-chu-s-day-at-the-beach,English,6,687
4,https://www.goodreads.com/book/show/18810519-the-sandman-2,Not Found,21,291
4,https://www.goodreads.com/book/show/23495022-the-sandman-3,Not Found,9,307
4,https://www.goodreads.com/book/show/19438978-the-sandman,Not Found,15,"1,523"
4,https://www.goodreads.com/book/show/161197.Sandman_Midnight_Theatre,English,7,"1,739"
4,https://www.goodreads.com/book/show/13264510-i-cthulhu-or-what-s-a-tentacle-faced-thing-like-me-doing-in-a-sunken,Not Found,3,"1,166"
4,https://www.goodreads.com/book/show/18810708-the-sandman-4,Not Found,11,313
5,https://www.goodreads.com/book/show/60012213-the-sandman,English,109,702
5,https://www.goodreads.com/book/show/47728.Shoggoth_s_Old_Peculiar,English,2,"1,406"
5,https://www.goodreads.com/book/show/39086876-likely-stories,English,45,536
5,https://www.goodreads.com/book/show/47718.MirrorMask,English,5,668
5,https://www.goodreads.com/book/show/13144469-troll-bridge,Not Found,8,862
5,https://www.goodreads.com/book/show/19086662-the-sandman-8,Not Found,8,283
5,https://www.goodreads.com/book/show/37955367-american-gods-vol-3,English,41,614
5,https://www.goodreads.com/book/show/229317.Only_the_End_of_the_World_Again,English,36,"1,227"
5,https://www.goodreads.com/book/show/28251028-troll-bridge,English,14,576
5,https://www.goodreads.com/book/show/16176131-other-people,Not Found,9,"1,080"
5,https://www.goodreads.com/book/show/23495050-the-sandman-5,Not Found,15,221
5,https://www.goodreads.com/book/show/23495066-the-sandman-6,Not Found,5,254
5,https://www.goodreads.com/book/show/12101436-the-annotated-sandman-vol-1,English,71,"1,242"
5,https://www.goodreads.com/book/show/17404588-a-calendar-of-tales,Not Found,21,"1,162"
5,https://www.goodreads.com/book/show/24039420-neil-gaiman-chris-riddell-3-book-box-set,English,64,"1,029"
5,https://www.goodreads.com/book/show/22837466-the-sandman,Not Found,8,585
5,https://www.goodreads.com/book/show/15041842-the-sandman-volumes-1-10-box,English,28,715
5,https://www.goodreads.com/book/show/4616731-sandman-special-bd-2-der-gesang-des-orpheus,German,7,857
5,https://www.goodreads.com/book/show/25683538-the-sandman-7,Not Found,4,225
5,https://www.goodreads.com/book/show/59880901-the-sandman,English,63,686
5,https://www.goodreads.com/book/show/34564139-american-gods,Not Found,170,"1,011"
5,https://www.goodreads.com/book/show/36913852-the-problem-of-susan-and-other-stories,English,40,830
5,https://www.goodreads.com/book/show/117693.Two_Plays_for_Voices,English,5,652
5,https://www.goodreads.com/book/show/25683657-the-sandman-9,Not Found,13,232
5,https://www.goodreads.com/book/show/10364053-hearts-keys-and-puppetry,Not Found,14,459
5,https://www.goodreads.com/book/show/38896055-the-sandman-universe-1,Not Found,32,"2,875"
5,https://www.goodreads.com/book/show/56532947-the-sandman,English,100,461
5,https://www.goodreads.com/book/show/7915861-the-best-american-comics-2010,English,14,604
5,https://www.goodreads.com/book/show/29335205-we-can-get-them-for-you-wholesale,Not Found,3,891
5,https://www.goodreads.com/book/show/28109901-dc-universe-by-neil-gaiman,English,32,540
6,https://www.goodreads.com/book/show/22445288-the-sandman-11,Not Found,11,240
6,https://www.goodreads.com/book/show/18897238-the-sandman-13,Not Found,10,236
6,https://www.goodreads.com/book/show/18897264-the-sandman-10,Not Found,9,268
6,https://www.goodreads.com/book/show/58896476-norse-mythology-vol-2,English,26,303
6,https://www.goodreads.com/book/show/18897237-the-sandman-12,Not Found,10,216
6,https://www.goodreads.com/book/show/23886139-the-sandman,Not Found,6,483
6,https://www.goodreads.com/book/show/17671920-free-country,English,17,"2,833"
6,https://www.goodreads.com/book/show/6616080-coisas-fr-geis,Portuguese,19,346
6,https://www.goodreads.com/book/show/15713378-the-man-who-forgot-ray-bradbury,Not Found,1,"1,116"
6,https://www.goodreads.com/book/show/18897249-the-sandman-18,Not Found,7,322
6,https://www.goodreads.com/book/show/18897242-the-sandman-14,Not Found,6,186
6,https://www.goodreads.com/book/show/20325046-the-sandman-17,Not Found,5,207
6,https://www.goodreads.com/book/show/33409773-stardust---bbc-dramatisation,Not Found,4,223
6,https://www.goodreads.com/book/show/40996616-the-sandman-omnibus-vol-3,English,48,844
6,https://www.goodreads.com/book/show/18897247-the-sandman-16,Not Found,4,194
6,https://www.goodreads.com/book/show/18897244-the-sandman-15,Not Found,9,204
6,https://www.goodreads.com/book/show/25608189-the-sandman,Not Found,7,433
6,https://www.goodreads.com/book/show/56707879-the-sandman,English,46,446
6,https://www.goodreads.com/book/show/26228013-the-sandman-19,Not Found,10,243
6,https://www.goodreads.com/book/show/17411973-the-sandman-31,Not Found,3,218
6,https://www.goodreads.com/book/show/18897245-the-sandman-20,Not Found,6,188
6,https://www.goodreads.com/book/show/50201220-the-neil-gaiman-library-volume-1,English,34,551
6,https://www.goodreads.com/book/show/6602286-a-death-gallery,Not Found,4,781
6,https://www.goodreads.com/book/show/26839372-the-sandman,Not Found,6,383
6,https://www.goodreads.com/book/show/17411966-the-sandman-29,Not Found,8,223
6,https://www.goodreads.com/book/show/51983357-batman-black-white,Not Found,146,314
6,https://www.goodreads.com/book/show/17411969-the-sandman-30,Not Found,7,193
6,https://www.goodreads.com/book/show/92059.Spawn,English,1,615
6,https://www.goodreads.com/book/show/18897234-the-sandman-23,Not Found,6,170
6,https://www.goodreads.com/book/show/6602276-the-sandman,Not Found,3,806
7,https://www.goodreads.com/book/show/18956270-death,Not Found,9,426
7,https://www.goodreads.com/book/show/19268899-the-sandman-50,Not Found,6,209
7,https://www.goodreads.com/book/show/6698557-sunbird,Not Found,4,622
7,https://www.goodreads.com/book/show/18897236-the-sandman-21,Not Found,4,160
7,https://www.goodreads.com/book/show/8161898-sandman-absolute-1,Spanish; Castilian,20,227
7,https://www.goodreads.com/book/show/18897235-the-sandman-22,Not Found,2,171
7,https://www.goodreads.com/book/show/58725910-the-sandman,English,46,444
7,https://www.goodreads.com/book/show/19457369-the-sandman-25,Not Found,6,177
7,https://www.goodreads.com/book/show/34761133-american-gods,Not Found,62,442
7,https://www.goodreads.com/book/show/19088857-the-sandman-24,Not Found,6,161
7,https://www.goodreads.com/book/show/17669274-down-to-a-sunless-sea,Not Found,677,Not Found
7,https://www.goodreads.com/book/show/10907592-the-year-s-best-dark-fantasy-horror-2011-edition,English,75,750
7,https://www.goodreads.com/book/show/19495472-the-sandman-26,Not Found,4,155
7,https://www.goodreads.com/book/show/19496186-the-sandman-27,Not Found,1,164
7,https://www.goodreads.com/book/show/43159385-norse-mythology,Not Found,2,255
7,https://www.goodreads.com/book/show/19496339-the-sandman-28,Not Found,1,157
7,https://www.goodreads.com/book/show/17340528-the-price,Not Found,314,Not Found
7,https://www.goodreads.com/book/show/13536523-the-annotated-sandman-vol-2,English,16,758
7,https://www.goodreads.com/book/show/9720317-sandman-absolute-2,Spanish; Castilian,11,121
7,https://www.goodreads.com/book/show/61487971-norse-mythology-vol-3,English,12,190
7,https://www.goodreads.com/book/show/47721.Now_We_Are_Sick,English,5,960
7,https://www.goodreads.com/book/show/23692598-october-in-the-chair,Not Found,4,339
7,https://www.goodreads.com/book/show/9711963-coisas-fr-geis-2,Portuguese,6,215
7,https://www.goodreads.com/book/show/13357895-bitter-grounds,Not Found,3,413
7,https://www.goodreads.com/book/show/13563554-the-case-of-the-four-and-twenty-blackbirds,Not Found,1,481
7,https://www.goodreads.com/book/show/48820873-the-american-gods-quartet,English,122,521
7,https://www.goodreads.com/book/show/13392178-the-day-the-saucers-came,Not Found,1,315
7,https://www.goodreads.com/book/show/29752905-neil-gaiman-s-how-the-marquis-got-his-coat-back,English,2,135
7,https://www.goodreads.com/book/show/597644.Adventures_in_the_Dream_Trade,English,16,"1,037"
7,https://www.goodreads.com/book/show/104603.Warning,Not Found,3,466
8,https://www.goodreads.com/book/show/28514417-the-return-of-the-thin-white-duke,Not Found,531,Not Found
8,https://www.goodreads.com/book/show/28271809-sandman,Spanish; Castilian,7,100
8,https://www.goodreads.com/book/show/13119649-a-little-gold-book-of-ghastly-stuff,Not Found,16,873
8,https://www.goodreads.com/book/show/9761169-sandman-absolute-3,Spanish; Castilian,2,120
8,https://www.goodreads.com/book/show/51996742-sandman-box-set,English,24,399
8,https://www.goodreads.com/book/show/20235117-the-sandman-38,Not Found,4,149
8,https://www.goodreads.com/book/show/19522519-the-sandman-32,Not Found,4,143
8,https://www.goodreads.com/book/show/19750957-the-sandman-34,Not Found,1,135
8,https://www.goodreads.com/book/show/92060.A_Walking_Tour_of_the_Shambles,Not Found,765,Not Found
8,https://www.goodreads.com/book/show/21523211-the-sandman-33,Not Found,2,145
8,https://www.goodreads.com/book/show/19841046-the-sandman-40,Not Found,4,144
8,https://www.goodreads.com/book/show/59458020-the-sandman,English,29,438
8,https://www.goodreads.com/book/show/19596455-the-sandman-37,Not Found,1,136
8,https://www.goodreads.com/book/show/3342487-vertigo,Not Found,3,381
8,https://www.goodreads.com/book/show/20190730-the-sandman-36,Not Found,2,138
8,https://www.goodreads.com/book/show/19926809-the-sandman-35,Not Found,3,137
8,https://www.goodreads.com/book/show/17137666-the-annotated-sandman-vol-3,English,9,673
8,https://www.goodreads.com/book/show/35049191-american-gods,Not Found,36,355
8,https://www.goodreads.com/book/show/6368048-green-lantern-superman,Not Found,1,291
8,https://www.goodreads.com/book/show/20204085-the-sandman-39,Not Found,3,143
8,https://www.goodreads.com/book/show/17285917-babycakes,Not Found,1,250
8,https://www.goodreads.com/book/show/30253010-neil-gaiman-s-likely-stories,English,9,592
8,https://www.goodreads.com/book/show/293809.9_11,English,4,293
8,https://www.goodreads.com/book/show/52815359-the-neil-gaiman-library-volume-2,English,12,289
8,https://www.goodreads.com/book/show/19582956-the-sandman-41,Not Found,1,135
8,https://www.goodreads.com/book/show/36985488-absolute-sandman-overture,English,6,366
8,https://www.goodreads.com/book/show/25752207-eternals-2006-2007-1,Not Found,15,244
8,https://www.goodreads.com/book/show/19848914-the-sandman-42,Not Found,1,135
8,https://www.goodreads.com/book/show/21523330-the-sandman-47,Not Found,3,137
8,https://www.goodreads.com/book/show/21632307-the-case-of-death-and-honey,Not Found,3,419
9,https://www.goodreads.com/book/show/19829512-the-sandman-43,Not Found,2,132
9,https://www.goodreads.com/book/show/21523318-the-sandman-44,Not Found,1,136
9,https://www.goodreads.com/book/show/19015783-death,Not Found,7,142
9,https://www.goodreads.com/book/show/21523351-the-sandman-48,Not Found,2,131
9,https://www.goodreads.com/book/show/20052657-the-sandman-46,Not Found,131,Not Found
9,https://www.goodreads.com/book/show/61822765-the-sandman,English,12,465
9,https://www.goodreads.com/book/show/19810251-the-sandman-49,Not Found,3,128
9,https://www.goodreads.com/book/show/58545406-biblioteca-gaiman---volume-1,Not Found,13,103
9,https://www.goodreads.com/book/show/19789009-the-sandman-45,Not Found,1,132
9,https://www.goodreads.com/book/show/20220453-death,Not Found,4,126
9,https://www.goodreads.com/book/show/49983278-chivalry,Not Found,1,67
9,https://www.goodreads.com/book/show/6261351-selections-from-fragile-things-volume-one,English,76,308
9,https://www.goodreads.com/book/show/166582.1602_Libro_Uno,Not Found,Not Found,Not Found
9,https://www.goodreads.com/book/show/22251918-a-fall-of-stardust,Not Found,5,511
9,https://www.goodreads.com/book/show/35296007-american-gods,Not Found,18,292
9,https://www.goodreads.com/book/show/11284051-sandman-absolute-4,Spanish; Castilian,2,91
9,https://www.goodreads.com/book/show/594628.Speaking_in_Tongues,English,1,396
9,https://www.goodreads.com/book/show/19683999-the-sandman-54,Not Found,1,138
9,https://www.goodreads.com/book/show/61802838-amazing-fantasy-1000,Not Found,8,71
9,https://www.goodreads.com/book/show/20114190-the-sandman-51,Not Found,1,130
9,https://www.goodreads.com/book/show/11284097-sandman-absolute-7,Spanish; Castilian,3,92
9,https://www.goodreads.com/book/show/291858.Beowulf,English,29,381
9,https://www.goodreads.com/book/show/19975018-the-sandman-56,Not Found,1,134
9,https://www.goodreads.com/book/show/25759966-marvel-1602-2,Not Found,8,117
9,https://www.goodreads.com/book/show/54317250-the-complete-american-gods,English,45,286
9,https://www.goodreads.com/book/show/19694127-the-sandman-53,Not Found,6,130
9,https://www.goodreads.com/book/show/20874646-goliath,Not Found,3,253
9,https://www.goodreads.com/book/show/35608597-american-gods,Not Found,13,223
9,https://www.goodreads.com/book/show/26983504-sandman,Portuguese,3,100
9,https://www.goodreads.com/book/show/19817328-the-sandman-52,Not Found,1,126
10,https://www.goodreads.com/book/show/63187184-miracleman,English,6,128
10,https://www.goodreads.com/book/show/20236166-the-sandman-55,Not Found,126,Not Found
10,https://www.goodreads.com/book/show/20127445-the-sandman-75,Not Found,3,144
10,https://www.goodreads.com/book/show/11284081-sandman-absolute-5,Spanish; Castilian,5,72
10,https://www.goodreads.com/book/show/19618385-the-sandman-70,Not Found,1,123
10,https://www.goodreads.com/book/show/20190738-the-sandman-69,Not Found,1,123
10,https://www.goodreads.com/book/show/55404458-the-neil-gaiman-library-volume-3,English,12,217
10,https://www.goodreads.com/book/show/594626.Day_of_the_Dead,English,5,297
10,https://www.goodreads.com/book/show/61150434-blood-bank,Not Found,104,256
10,https://www.goodreads.com/book/show/20129233-the-sandman-57,Not Found,2,129
10,https://www.goodreads.com/book/show/19567180-the-sandman-72,Not Found,1,122
10,https://www.goodreads.com/book/show/19841691-the-sandman-74,Not Found,2,125
10,https://www.goodreads.com/book/show/19801972-the-sandman-71,Not Found,2,124
10,https://www.goodreads.com/book/show/59552729-invocaciones,Spanish; Castilian,10,148
10,https://www.goodreads.com/book/show/19790796-the-sandman-68,Not Found,2,119
10,https://www.goodreads.com/book/show/19833143-the-sandman-59,Not Found,1,122
10,https://www.goodreads.com/book/show/57070845-batman,Not Found,4,80
10,https://www.goodreads.com/book/show/11284169-sandman-absolute-6,Not Found,1,102
10,https://www.goodreads.com/book/show/20189661-the-sandman-67,Not Found,3,121
10,https://www.goodreads.com/book/show/20118598-the-sandman-73,Not Found,1,121
10,https://www.goodreads.com/book/show/20623117-the-sandman-58,Not Found,1,125
10,https://www.goodreads.com/book/show/19663991-the-sandman-64,Not Found,120,Not Found
10,https://www.goodreads.com/book/show/19790145-the-sandman-61,Not Found,1,120
10,https://www.goodreads.com/book/show/19737807-the-sandman-65,Not Found,1,119
10,https://www.goodreads.com/book/show/19716559-the-sandman-66,Not Found,1,120
10,https://www.goodreads.com/book/show/20623158-the-sandman-60,Not Found,1,125
10,https://www.goodreads.com/book/show/6602298-endless-gallery,Not Found,288,Not Found
10,https://www.goodreads.com/book/show/19878959-death,Not Found,4,127
10,https://www.goodreads.com/book/show/28019573-marvel-1602-3,Not Found,2,92
10,https://www.goodreads.com/book/show/35915811-american-gods,Not Found,6,193
11,https://www.goodreads.com/book/show/19762991-the-sandman-62,Not Found,119,Not Found
11,https://www.goodreads.com/book/show/19789243-the-sandman-63,Not Found,119,Not Found
11,https://www.goodreads.com/book/show/18758425-don-t-ask-jack,Not Found,5,166
11,https://www.goodreads.com/book/show/17730572-death-talks-about-life,Not Found,1,218
11,https://www.goodreads.com/book/show/36176395-american-gods,Not Found,8,175
11,https://www.goodreads.com/book/show/26846888-feeders-eaters-and-other-stories,Not Found,6,248
11,https://www.goodreads.com/book/show/28019572-marvel-1602-5,Not Found,4,91
11,https://www.goodreads.com/book/show/24520338-neil-gaiman-and-charles-vess-stardust-3,Not Found,8,290
11,https://www.goodreads.com/book/show/24386216-a-little-trigger,Not Found,Not Found,Not Found
11,https://www.goodreads.com/book/show/28019571-marvel-1602-4,Not Found,5,91
11,https://www.goodreads.com/book/show/25810100-the-annotated-sandman-vol-4,English,3,324
11,https://www.goodreads.com/book/show/34782005-nicholas-was,Not Found,73,Not Found
11,https://www.goodreads.com/book/show/16129575,Russian,8,69
11,https://www.goodreads.com/book/show/28019574-marvel-1602-7,Not Found,3,91
11,https://www.goodreads.com/book/show/16034893-the-sandman-n-2,Italian,2,88
11,https://www.goodreads.com/book/show/25760678-marvel-1602-8,Not Found,1,84
11,https://www.goodreads.com/book/show/29474828-eternals-2006-2007-2,Not Found,2,42
11,https://www.goodreads.com/book/show/24520337-neil-gaiman-and-charles-vess-stardust-4,Not Found,8,275
11,https://www.goodreads.com/book/show/55594718-norse-mythology-i-1,Not Found,12,77
11,https://www.goodreads.com/book/show/18051049-sandman,Portuguese,97,Not Found
11,https://www.goodreads.com/book/show/28019570-marvel-1602-6,Not Found,2,88
11,https://www.goodreads.com/book/show/26452096-being-an-account-of-the-life-and-death-of-the-emperor-heliogabolus,Not Found,5,934
11,https://www.goodreads.com/book/show/19958040-death,Not Found,2,88
11,https://www.goodreads.com/book/show/24520336-neil-gaiman-and-charles-vess-stardust-2,Not Found,7,295
11,https://www.goodreads.com/book/show/36308593-american-gods,Not Found,7,156
11,https://www.goodreads.com/book/show/280016.Ghastly_Beyond_Belief,English,14,391
11,https://www.goodreads.com/book/show/16034896-the-sandman-n-3,Italian,1,93
11,https://www.goodreads.com/book/show/36530828-american-gods,Not Found,4,154
11,https://www.goodreads.com/book/show/26259326-manuscript-found-in-a-milk-bottle,Not Found,2,225
11,https://www.goodreads.com/book/show/16034889-the-sandman-n-1,Italian,1,82
12,https://www.goodreads.com/book/show/41796744-john-constantine-the-hellblazer-2018-halloween-comicfest-special-1,Not Found,38,127
12,https://www.goodreads.com/book/show/22536849-the-books-of-magic-1990--1,Not Found,8,102
12,https://www.goodreads.com/book/show/29474829-eternals-2006-2007-3,Not Found,40,Not Found
12,https://www.goodreads.com/book/show/25664511-neil-gaiman-s-mr-hero-the-newmatic-man,English,2,136
12,https://www.goodreads.com/book/show/10249913-vertigo,Spanish; Castilian,3,73
12,https://www.goodreads.com/book/show/19793396-death,Not Found,2,76
12,https://www.goodreads.com/book/show/27865700-eternals-2006-2007-6,Not Found,3,34
12,https://www.goodreads.com/book/show/16034900-the-sandman-n-4,Italian,1,85
12,https://www.goodreads.com/book/show/6395492-one-life-furnished-in-early-moorcock,Not Found,180,Not Found
12,https://www.goodreads.com/book/show/27281959-spawn-9,Not Found,7,66
12,https://www.goodreads.com/book/show/29474830-eternals-2006-2007-4,Not Found,1,44
12,https://www.goodreads.com/book/show/29474831-eternals-2006-2007-5,Not Found,1,50
12,https://www.goodreads.com/book/show/18758421-the-wedding-present,Not Found,1,105
12,https://www.goodreads.com/book/show/26259286-an-honest-answer-other-stories,Not Found,3,204
12,https://www.goodreads.com/book/show/22249770-neil-gaiman-young-readers-collection,English,21,414
12,https://www.goodreads.com/book/show/27824807-sandman,Portuguese,67,Not Found
12,https://www.goodreads.com/book/show/125071133-the-sandman,English,8,310
12,https://www.goodreads.com/book/show/25617690-convergence,Not Found,2,36
12,https://www.goodreads.com/book/show/16034903-the-sandman-n-5,Italian,76,Not Found
12,https://www.goodreads.com/book/show/18774125-fifteen-painted-cards-from-a-vampire-tarot,Not Found,2,170
12,https://www.goodreads.com/book/show/16034911-the-sandman-n-7,Italian,1,82
12,https://www.goodreads.com/book/show/29474832-eternals-2006-2007-7,Not Found,1,47
12,https://www.goodreads.com/book/show/28588900-hellblazer-27,Not Found,1,50
12,https://www.goodreads.com/book/show/20563693-black-orchid,Not Found,9,121
12,https://www.goodreads.com/book/show/17969192-cold-colors,Not Found,1,222
12,https://www.goodreads.com/book/show/39104848-american-gods,Not Found,15,112
12,https://www.goodreads.com/book/show/303725.Telling_Tales,English,1,280
12,https://www.goodreads.com/book/show/17726051-house,Not Found,1,75
12,https://www.goodreads.com/book/show/16002883-sandman-svazek-6,Czech,26,Not Found
12,https://www.goodreads.com/book/show/16034905-the-sandman-n-6,Italian,75,Not Found
13,https://www.goodreads.com/book/show/16034915-the-sandman-n-8,Italian,73,Not Found
13,https://www.goodreads.com/book/show/27830018-the-books-of-magic-1990--2,Not Found,2,75
13,https://www.goodreads.com/book/show/34330383-the-seven-sisters,Not Found,8,17.5k
13,https://www.goodreads.com/book/show/1681474.Miracleman_Apocrypha,English,1,108
13,https://www.goodreads.com/book/show/33791101-books-have-sexes,Not Found,98,Not Found
13,https://www.goodreads.com/book/show/16034956-the-sandman-n-13,Italian,83,Not Found
13,https://www.goodreads.com/book/show/10249950-vertigo,Not Found,4,71
13,https://www.goodreads.com/book/show/27830005-the-books-of-magic-1990--3,Not Found,2,71
13,https://www.goodreads.com/book/show/33541228-sandman,Portuguese,1,53
13,https://www.goodreads.com/book/show/49926855-the-mushroom-hunters,Not Found,81,Not Found
13,https://www.goodreads.com/book/show/16034970-the-sandman-n-15,Not Found,Not Found,Not Found
13,https://www.goodreads.com/book/show/55868979-norse-mythology-i-2,Not Found,5,42
13,https://www.goodreads.com/book/show/16088339-sandman-svazek-6,Czech,17,Not Found
13,https://www.goodreads.com/book/show/103832540-odd-and-the-frost-giants,English,1,3
13,https://www.goodreads.com/book/show/16034985-the-sandman-n-19,Not Found,Not Found,Not Found
13,https://www.goodreads.com/book/show/44588715-neil-gaiman-teaches-the-art-of-storytelling,Not Found,9,236
13,https://www.goodreads.com/book/show/15783778-the-sweeper-of-dreams,Not Found,1,155
13,https://www.goodreads.com/book/show/22270641-the-children-s-crusade-1-of-2,Not Found,3,112
13,https://www.goodreads.com/book/show/16034975-the-sandman-n-16,Italian,76,Not Found
13,https://www.goodreads.com/book/show/16034962-the-sandman-n-14,Not Found,Not Found,Not Found
13,https://www.goodreads.com/book/show/18758520-the-white-road,Not Found,1,91
13,https://www.goodreads.com/book/show/27830009-the-books-of-magic-1990--4,Not Found,3,77
13,https://www.goodreads.com/book/show/16034950-the-sandman-n-11,Not Found,Not Found,Not Found
13,https://www.goodreads.com/book/show/39351713-american-gods,Not Found,9,76
13,https://www.goodreads.com/book/show/60861950-szk-o-nieg-i-jab-ka-oraz-inne-historie,Polish,1,54
13,https://www.goodreads.com/book/show/55884423-sandman,Italian,4,11
13,https://www.goodreads.com/book/show/16034952-the-sandman-n-12,Italian,72,Not Found
13,https://www.goodreads.com/book/show/33233255-as-benevolentes-1,Portuguese,3,65
13,https://www.goodreads.com/book/show/26259209-gods-tulips,English,3,209
13,https://www.goodreads.com/book/show/18176474-the-sandman,Spanish; Castilian,2,63
14,https://www.goodreads.com/book/show/125078302-dead-boy-detectives-omnibus,English,26,292
14,https://www.goodreads.com/book/show/61184729-sandman---la-saga-completa-vol-1-de-2,Spanish; Castilian,12,45
14,https://www.goodreads.com/book/show/24058696-pourquoi-notre-futur-d-pend-des-biblioth-ques-de-la-lecture-et-de-l-ima,French,3,36
14,https://www.goodreads.com/book/show/25234339-the-fairy-reel,Not Found,1,112
14,https://www.goodreads.com/book/show/25223881-the-mapmaker,Not Found,65,Not Found
14,https://www.goodreads.com/book/show/56227973-norse-mythology-i-3,Not Found,5,35
14,https://www.goodreads.com/book/show/33299585-as-benevolentes-2,Portuguese,1,58
14,https://www.goodreads.com/book/show/18774192-when-we-went-to-see-the-end-of-the-world-by-dawnie-morningside-age-11,Not Found,1,63
14,https://www.goodreads.com/book/show/26596522-blood-monster,Not Found,3,166
14,https://www.goodreads.com/book/show/16034945-the-sandman-n-9,Italian,61,Not Found
14,https://www.goodreads.com/book/show/62877501-miracleman-2022-0,Not Found,10,13
14,https://www.goodreads.com/book/show/26259322-seven-deadly-sins,Not Found,4,194
14,https://www.goodreads.com/book/show/59993811-preludes-nocturnes,Not Found,3,20
14,https://www.goodreads.com/book/show/52386759-the-goldfish-pool-and-other-stories,Not Found,1,48
14,https://www.goodreads.com/book/show/16034979-the-sandman-n-17,Not Found,Not Found,Not Found
14,https://www.goodreads.com/book/show/166579.Melinda,English,300,Not Found
14,https://www.goodreads.com/book/show/23631690-the-witch-s-headstone,Not Found,106,Not Found
14,https://www.goodreads.com/book/show/6495042-selections-from-fragile-things-volume-two,Not Found,5,84
14,https://www.goodreads.com/book/show/26596489-sculpture-stories,Not Found,4,168
14,https://www.goodreads.com/book/show/24704911-black-orchid-1988-1989-2,Not Found,2,84
14,https://www.goodreads.com/book/show/62840055-miracleman,Not Found,8,50
14,https://www.goodreads.com/book/show/56572923-norse-mythology-i-4,Not Found,3,30
14,https://www.goodreads.com/book/show/6495043-selections-from-fragile-things-volume-six,English,4,76
14,https://www.goodreads.com/book/show/26230648-miracleman-1,Not Found,3,71
14,https://www.goodreads.com/book/show/16034986-the-sandman-n-20,Italian,72,Not Found
14,https://www.goodreads.com/book/show/13131031-sweet-justice,English,13,83
14,https://www.goodreads.com/book/show/40122280-american-gods,Not Found,5,53
14,https://www.goodreads.com/book/show/16034946-the-sandman-n-10,Not Found,Not Found,Not Found
14,https://www.goodreads.com/book/show/26259298-sweeney-todd-other-stories,Not Found,3,217
14,https://www.goodreads.com/book/show/2364477.1602_tome_1,French,33,Not Found
15,https://www.goodreads.com/book/show/43461056-orange,Not Found,34,Not Found
15,https://www.goodreads.com/book/show/16034988-the-sandman-n-21,Italian,1,71
15,https://www.goodreads.com/book/show/40220476-american-gods,Not Found,3,46
15,https://www.goodreads.com/book/show/22270644-the-children-s-crusade-2,Not Found,1,71
15,https://www.goodreads.com/book/show/40849518-american-gods,Not Found,4,39
15,https://www.goodreads.com/book/show/24704905-black-orchid-1988-1989-3,Not Found,2,85
15,https://www.goodreads.com/book/show/52397634-changes,Not Found,39,Not Found
15,https://www.goodreads.com/book/show/25741822-neil-gaiman-s-the-last-temptation-1,Not Found,6,135
15,https://www.goodreads.com/book/show/6139511-selections-from-fragile-things-volume-four,English,7,83
15,https://www.goodreads.com/book/show/16034982-the-sandman-n-18,Not Found,Not Found,Not Found
15,https://www.goodreads.com/book/show/60604220-kenapa-masa-depan-kita-bergantung-pada-perpustakaan-membaca-dan-melamu,Indonesian,3,51
15,https://www.goodreads.com/book/show/41715043-american-gods,Not Found,5,44
15,https://www.goodreads.com/book/show/168692134-the-complete-norse-mythology,English,1,66
15,https://www.goodreads.com/book/show/23164319-batman-1940-2011-686,Not Found,2,63
15,https://www.goodreads.com/book/show/11284356-aarteita-ja-muistoesineit,Finnish,1,21
15,https://www.goodreads.com/book/show/17255676-sandman-tom-4,Polish,20,Not Found
15,https://www.goodreads.com/book/show/35183832-a-lunar-labyrinth,Not Found,41,Not Found
15,https://www.goodreads.com/book/show/166583.Duran_Duran,English,6,372
15,https://www.goodreads.com/book/show/17255675-sandman-tom-3,Polish,1,18
15,https://www.goodreads.com/book/show/42847553-american-gods,Not Found,6,39
15,https://www.goodreads.com/book/show/25314741-how-to-sell-the-ponti-bridge,Not Found,51,Not Found
15,https://www.goodreads.com/book/show/16140183-leyendas-del-abismo-volumen-1,Spanish; Castilian,1,37
15,https://www.goodreads.com/book/show/56776231-my-last-landlady,Not Found,35,Not Found
15,https://www.goodreads.com/book/show/41117281-sandman-volumen-1,Spanish; Castilian,1,15
15,https://www.goodreads.com/book/show/6495044-selections-from-fragile-things-volume-five,Not Found,5,72
15,https://www.goodreads.com/book/show/57017106-norse-mythology-i-5,Not Found,5,30
15,https://www.goodreads.com/book/show/51829095-sandman-volumen-5,Not Found,Not Found,Not Found
15,https://www.goodreads.com/book/show/26259303-neil-dreams,Not Found,3,143
15,https://www.goodreads.com/book/show/18051041-sandman,Portuguese,3,16
15,https://www.goodreads.com/book/show/42375891-american-gods,Not Found,5,42
16,https://www.goodreads.com/book/show/41732711-american-gods,Not Found,7,41
16,https://www.goodreads.com/book/show/42375891-american-gods,Not Found,5,42
16,https://www.goodreads.com/book/show/60026172-the-thing-about-cassandra,Not Found,16,Not Found
16,https://www.goodreads.com/book/show/17257996-1602-2-il-segreto-dei-templari,Italian,26,Not Found
16,https://www.goodreads.com/book/show/26206686-secret-origins-special-1989-1-secret-origins,Not Found,2,48
16,https://www.goodreads.com/book/show/30038978-neil-gaiman-s-mr-hero-the-newmatic-man,English,1,41
16,https://www.goodreads.com/book/show/6139512-selections-from-fragile-things-volume-three,English,5,77
16,https://www.goodreads.com/book/show/28116853-neil-gaiman-s-teknophage-2,English,2,64
16,https://www.goodreads.com/book/show/52969390-strange-little-girls,Not Found,36,Not Found
16,https://www.goodreads.com/book/show/62977573-miracleman,Not Found,8,7
16,https://www.goodreads.com/book/show/44646039-american-gods,Not Found,5,51
16,https://www.goodreads.com/book/show/17233475-leyendas-del-abismo-volumen-2,Spanish; Castilian,31,Not Found
16,https://www.goodreads.com/book/show/43067747,Not Found,Not Found,Not Found
16,https://www.goodreads.com/book/show/33293481-neverwear,Not Found,2,349
16,https://www.goodreads.com/book/show/58235256-norse-mythology-ii-1,Not Found,5,26
16,https://www.goodreads.com/book/show/26718390-miracleman-by-gaiman-buckingham-2,Not Found,1,33
16,https://www.goodreads.com/book/show/21800870-la-cosa-del-pantano-n-m-1,Not Found,92,Not Found
16,https://www.goodreads.com/book/show/60241144-norse-mythology-iii-1,Not Found,7,22
16,https://www.goodreads.com/book/show/18774167-vampire-sestina,Not Found,59,Not Found
16,https://www.goodreads.com/book/show/123275949-miracleman-by-gaiman-buckingham,Not Found,6,5
16,https://www.goodreads.com/book/show/41555063-sandman-volumen-2,Not Found,Not Found,Not Found
16,https://www.goodreads.com/book/show/35400877-the-complete-interworld-trilogy,Not Found,Not Found,Not Found
16,https://www.goodreads.com/book/show/36214195-superman-batman,Spanish; Castilian,21,Not Found
16,https://www.goodreads.com/book/show/59455211-sandman-vol-6,Not Found,Not Found,Not Found
16,https://www.goodreads.com/book/show/13176105-sandman,Not Found,2,36
16,https://www.goodreads.com/book/show/25578488-shadow-show,Not Found,2,135
16,https://www.goodreads.com/book/show/62977574-miracleman,Not Found,5,3
16,https://www.goodreads.com/book/show/43426540-the-flints-of-memory-lane,Not Found,1,50
16,https://www.goodreads.com/book/show/49499586-american-gods,Not Found,4,25
16,https://www.goodreads.com/book/show/48806882-sandman-volumen-6,Spanish; Castilian,2,8
17,https://www.goodreads.com/book/show/58363753-norse-mythology-ii-2,Not Found,6,23
17,https://www.goodreads.com/book/show/26203175-vertigo-preview,Not Found,2,33
17,https://www.goodreads.com/book/show/46026613-american-gods,Not Found,3,35
17,https://www.goodreads.com/book/show/17255723-sandman-tom-16,Polish,12,Not Found
17,https://www.goodreads.com/book/show/17255680-sandman-tom-6,Polish,1,12
17,https://www.goodreads.com/book/show/61084667-sandman---la-saga-completa-vol-2-de-2,Spanish; Castilian,6,24
17,https://www.goodreads.com/book/show/41058154-the-ocean-at-the-end-of-the-lane-neverwhere-stardust,Not Found,Not Found,Not Found
17,https://www.goodreads.com/book/show/51098571-sandman-band-1---pr-ludien-notturni,Not Found,Not Found,Not Found
17,https://www.goodreads.com/book/show/52397664-the-daughter-of-owls,Not Found,31,Not Found
17,https://www.goodreads.com/book/show/6323213-on-cats-dogs,Not Found,161,Not Found
17,https://www.goodreads.com/book/show/52956133-american-gods,Not Found,4,34
17,https://www.goodreads.com/book/show/17255709-sandman-tom-12,Polish,17,Not Found
17,https://www.goodreads.com/book/show/30621571-the-sandman,Not Found,39,Not Found
17,https://www.goodreads.com/book/show/17255686-sandman-tom-7,Polish,10,Not Found
17,https://www.goodreads.com/book/show/15735753-leyendas-del-universo-dc,Spanish; Castilian,2,54
17,https://www.goodreads.com/book/show/17284466-sandman-tom-8,Not Found,Not Found,Not Found
17,https://www.goodreads.com/book/show/28765801-miracleman-by-gaiman-buckingham-3,Not Found,20,Not Found
17,https://www.goodreads.com/book/show/43184465-sandman-3-d-s-lke,Not Found,Not Found,Not Found
17,https://www.goodreads.com/book/show/23164320-detective-comics-1937-2011-853,Not Found,3,44
17,https://www.goodreads.com/book/show/63186847-sandman-vol-07,Spanish; Castilian,1,9
17,https://www.goodreads.com/book/show/40658029-the-hidden-chamber,Not Found,31,Not Found
17,https://www.goodreads.com/book/show/52969445-locks,Not Found,28,Not Found
18,https://www.goodreads.com/book/show/44648278-american-gods,Not Found,2,27
18,https://www.goodreads.com/book/show/43473295-monarch-of-the-glen,Not Found,Not Found,Not Found
18,https://www.goodreads.com/book/show/50622546-american-gods,Not Found,4,33
18,https://www.goodreads.com/book/show/59359276-norse-mythology-ii-6,Not Found,1,13
18,https://www.goodreads.com/book/show/165316700-the-sandman---the-complete-series-volumes-1-10,Not Found,5,19
18,https://www.goodreads.com/book/show/51316416-o-livro-do-cemit-rio-volume-2,Not Found,Not Found,Not Found
18,https://www.goodreads.com/book/show/18774176-the-sea-change,Not Found,54,Not Found
18,https://www.goodreads.com/book/show/48919201-american-gods,Not Found,4,31
18,https://www.goodreads.com/book/show/28766543-miracleman-by-gaiman-buckingham-4,Not Found,1,6
18,https://www.goodreads.com/book/show/36987035-american-gods-bd-1,German,23,Not Found
18,https://www.goodreads.com/book/show/58867898-norse-mythology-ii-3,Not Found,4,13
18,https://www.goodreads.com/book/show/52967937-good-boys-deserve-favors,Not Found,21,Not Found
18,https://www.goodreads.com/book/show/46123620-sandman-volumen-4,Spanish; Castilian,9,Not Found
18,https://www.goodreads.com/book/show/41944988-death---a-winter-s-tale,Not Found,Not Found,Not Found
18,https://www.goodreads.com/book/show/148332275-murder-mysteries-gaiman-neil-author-hardcover-2014,Not Found,Not Found,Not Found
18,https://www.goodreads.com/book/show/59075683-norse-mythology-ii-4,Not Found,4,14
18,https://www.goodreads.com/book/show/53436629-stwory-nocy-i-inne-historie,Not Found,Not Found,Not Found
18,https://www.goodreads.com/book/show/28699024-miracleman-by-gaiman-buckingham-6,Not Found,2,21
18,https://www.goodreads.com/book/show/13449091-sandman,Not Found,3,29
18,https://www.goodreads.com/book/show/48897420-american-gods,Not Found,3,31
18,https://www.goodreads.com/book/show/17255715-sandman-tom-13,Polish,15,Not Found
18,https://www.goodreads.com/book/show/28916338-miracleman-by-gaiman-buckingham-5,Not Found,1,14
18,https://www.goodreads.com/book/show/63885398-miracleman,Not Found,Not Found,Not Found
18,https://www.goodreads.com/book/show/25828304-neil-gaiman-s-the-last-temptation-3,Not Found,88,Not Found
18,https://www.goodreads.com/book/show/49358271-american-gods,Not Found,2,30
18,https://www.goodreads.com/book/show/199026871-the-sleeper-and-the-spindle-audio,Not Found,1,Not Found
18,https://www.goodreads.com/book/show/54288003-sandman-volumen-8,Spanish; Castilian,1,7
18,https://www.goodreads.com/book/show/120233658-biblioteca-sandman-vol-03,Not Found,Not Found,Not Found
18,https://www.goodreads.com/book/show/63840797-miracleman,Not Found,Not Found,Not Found
18,https://www.goodreads.com/book/show/59359147-norse-mythology-ii-5,Not Found,2,12
19,https://www.goodreads.com/book/show/61227991-une-tude-en-meraude,French,1,3
19,https://www.goodreads.com/book/show/153243859-biblioteca-sandman-vol-02,Not Found,Not Found,Not Found
19,https://www.goodreads.com/book/show/59359147-norse-mythology-ii-5,Not Found,2,12
19,https://www.goodreads.com/book/show/19850052-the-dreaming-1996-2001-8,Not Found,2,28
19,https://www.goodreads.com/book/show/23978380-interworld-silver-dream,Not Found,Not Found,Not Found
19,https://www.goodreads.com/book/show/60378952-norse-mythology-iii-2,Not Found,3,13
19,https://www.goodreads.com/book/show/34997870-the-sandman-volumen-14,Not Found,Not Found,Not Found
19,https://www.goodreads.com/book/show/23930839-la-casa-de-mu-ecas-parte-2,Not Found,Not Found,Not Found
19,https://www.goodreads.com/book/show/60808383-norse-mythology-iii-3,Not Found,2,12
19,https://www.goodreads.com/book/show/23175631-all-books-have-genders,Not Found,60,Not Found
19,https://www.goodreads.com/book/show/52397774-looking-for-the-girl,Not Found,22,Not Found
19,https://www.goodreads.com/book/show/17255695-zabawa-w-ciebie-cz-2,Polish,12,Not Found
19,https://www.goodreads.com/book/show/40656789,Not Found,Not Found,Not Found
19,https://www.goodreads.com/book/show/61075686-norse-mythology-iii-4,Not Found,2,11
19,https://www.goodreads.com/book/show/48548961-how-do-you-think-it-feels,Not Found,22,Not Found
19,https://www.goodreads.com/book/show/43791935-sandman-volumen-3,Not Found,Not Found,Not Found
19,https://www.goodreads.com/book/show/61294923-norse-mythology-iii-5,Not Found,4,10
19,https://www.goodreads.com/book/show/555344.The_Weerde_Book_1,English,2,148
19,https://www.goodreads.com/book/show/55747697-sandman-volumen-9,Not Found,Not Found,Not Found
19,https://www.goodreads.com/book/show/144128335-trigger-warning,Not Found,Not Found,Not Found
19,https://www.goodreads.com/book/show/52397712-virus,Not Found,28,Not Found
19,https://www.goodreads.com/book/show/43426563-in-the-end,Not Found,1,29
19,https://www.goodreads.com/book/show/43462228-witch-work,Not Found,24,Not Found
19,https://www.goodreads.com/book/show/34314917-il-grande-libro-di-neil-gaiman,Italian,16,Not Found
19,https://www.goodreads.com/book/show/153244489-biblioteca-sandman-vol-05,Not Found,Not Found,Not Found
19,https://www.goodreads.com/book/show/18489673-vertigo-resurrected,Not Found,273,Not Found
19,https://www.goodreads.com/book/show/16140740-the-sandman---el-fin-de-los-mundos,Not Found,Not Found,Not Found
19,https://www.goodreads.com/book/show/13449097-sandman,Not Found,Not Found,Not Found
19,https://www.goodreads.com/book/show/25306717,Russian,12,Not Found
19,https://www.goodreads.com/book/show/51796103-fa-a-boa-arte,Not Found,Not Found,Not Found
20,https://www.goodreads.com/book/show/214344199-anansi-boys-i-3,Not Found,5,4
20,https://www.goodreads.com/book/show/52386945-queen-of-knives,Not Found,23,Not Found
20,https://www.goodreads.com/book/show/44429508-going-wodwo,Not Found,20,Not Found
20,https://www.goodreads.com/book/show/60574285-solo-el-fin-del-mundo-otra-vez,Not Found,Not Found,Not Found
20,https://www.goodreads.com/book/show/56877054-sandman-volumen-10,Not Found,Not Found,Not Found
20,https://www.goodreads.com/book/show/44131322-vertigo-jam-1,Not Found,34,Not Found
20,https://www.goodreads.com/book/show/194046805-collectible-neil-gaiman-fantastic-mistakes,Not Found,Not Found,Not Found
20,https://www.goodreads.com/book/show/16107299-the-sandman---un-juego-de-ti,Not Found,Not Found,Not Found
20,https://www.goodreads.com/book/show/23818677-secret-origins-special-1,Not Found,2,45
20,https://www.goodreads.com/book/show/61434629-norse-mythology-iii-6,Not Found,6,Not Found
20,https://www.goodreads.com/book/show/56361403-smaragdz-ld-tanulm-ny,Not Found,Not Found,Not Found
20,https://www.goodreads.com/book/show/60415996-sandman,Not Found,Not Found,Not Found
20,https://www.goodreads.com/book/show/30337953-sandman,Not Found,Not Found,Not Found
20,https://www.goodreads.com/book/show/53123020-sandman-n-1,Not Found,Not Found,Not Found
20,https://www.goodreads.com/book/show/43477523-two-minutes-to-run,Not Found,34,Not Found
20,https://www.goodreads.com/book/show/23591499-the-sandman-preludios-nocturnos-parte-2,Not Found,Not Found,Not Found
20,https://www.goodreads.com/book/show/48548991-inventing-aladdin,Not Found,Not Found,Not Found
20,https://www.goodreads.com/book/show/43461005-making-a-chair,Not Found,Not Found,Not Found
20,https://www.goodreads.com/book/show/209698475-the-sandman-19-remastered,Not Found,8,2
20,https://www.goodreads.com/book/show/16107551-the-sandman---un-juego-de-ti,Not Found,Not Found,Not Found
20,https://www.goodreads.com/book/show/16107546-the-sandman---un-juego-de-ti,Not Found,Not Found,Not Found
20,https://www.goodreads.com/book/show/150288157-sandman-vol-11,Spanish; Castilian,6,Not Found
20,https://www.goodreads.com/book/show/52216136-sandman-deluxe,Not Found,Not Found,Not Found
20,https://www.goodreads.com/book/show/49657924-sandman-deluxe,Not Found,Not Found,Not Found
20,https://www.goodreads.com/book/show/30294720-come-si-fa-un-lettore,Not Found,Not Found,Not Found
20,https://www.goodreads.com/book/show/59087910-the-october-tale,Not Found,Not Found,Not Found
20,https://www.goodreads.com/book/show/41051386-american-gods-neverwhere,Not Found,Not Found,Not Found
20,https://www.goodreads.com/book/show/61369420-batman,Not Found,Not Found,Not Found
20,https://www.goodreads.com/book/show/75473242-sandman-vol-08,Spanish; Castilian,8,Not Found
20,https://www.goodreads.com/book/show/16107587-the-sandman,Not Found,Not Found,Not Found
21,https://www.goodreads.com/book/show/168215364-neil-gaiman-and-dave-mckean,Not Found,Not Found,Not Found
21,https://www.goodreads.com/book/show/195185282-l-oc-an-au-bout-du-chemin,Not Found,Not Found,Not Found
21,https://www.goodreads.com/book/show/23678384-the-sandman-preludios-nocturnos-parte-4,Not Found,Not Found,Not Found
21,https://www.goodreads.com/book/show/125633703-the-sandman-vol-3,Not Found,Not Found,Not Found
21,https://www.goodreads.com/book/show/122752623-sandman-vol-09,Spanish; Castilian,7,Not Found
21,https://www.goodreads.com/book/show/23621773-the-sandman-preludios-nocturnos-parte-3,Not Found,Not Found,Not Found
21,https://www.goodreads.com/book/show/16107562-the-sandman,Not Found,Not Found,Not Found
21,https://www.goodreads.com/book/show/57552357-sandman-volumen-11,Not Found,Not Found,Not Found
21,https://www.goodreads.com/book/show/48548966-my-life,Not Found,18,Not Found
21,https://www.goodreads.com/book/show/52398183-foreign-parts,Not Found,Not Found,Not Found
21,https://www.goodreads.com/book/show/59020845-sandman-volumen-13,Not Found,Not Found,Not Found
21,https://www.goodreads.com/book/show/16107576-the-sandman,Not Found,Not Found,Not Found
21,https://www.goodreads.com/book/show/18758517-eaten,Not Found,52,Not Found
21,https://www.goodreads.com/book/show/52398384-mouse,Not Found,Not Found,Not Found
21,https://www.goodreads.com/book/show/10765649-the-ultimate-neil-gaiman-audio-collection,English,115,Not Found
21,https://www.goodreads.com/book/show/126285350-sandman-vol-10,Spanish; Castilian,1,6
21,https://www.goodreads.com/book/show/359333.A1_Book_5,English,72,Not Found
21,https://www.goodreads.com/book/show/43462232-in-relig-odhrain,Not Found,Not Found,Not Found
21,https://www.goodreads.com/book/show/36485585-atsjo-verdens-s-teste-pandabj-rn,Norwegian,6,Not Found
21,https://www.goodreads.com/book/show/35111985-sandman-5,Not Found,Not Found,Not Found
21,https://www.goodreads.com/book/show/6215029-el-velatorio-2-de-3,Not Found,Not Found,Not Found
21,https://www.goodreads.com/book/show/162042309-the-sandman-volume-5,Not Found,Not Found,Not Found
21,https://www.goodreads.com/book/show/125463925-el-libro-del-cementerio-by-neil-gaiman,Not Found,Not Found,Not Found
21,https://www.goodreads.com/book/show/41051387-stardust-neverwhere,Not Found,Not Found,Not Found
21,https://www.goodreads.com/book/show/52398817-desert-wind,Not Found,Not Found,Not Found
21,https://www.goodreads.com/book/show/10374277-el-velatorio-1-de-3,Not Found,Not Found,Not Found
21,https://www.goodreads.com/book/show/6214998-el-velatorio-3-de-3,Not Found,Not Found,Not Found
21,https://www.goodreads.com/book/show/43167179-american-gods-bd-2,Not Found,Not Found,Not Found
21,https://www.goodreads.com/book/show/32572187-le-premier-meurtre-contrebande,Not Found,Not Found,Not Found
21,https://www.goodreads.com/book/show/29283057-sandman-ouvert-re,Not Found,Not Found,Not Found
22,https://www.goodreads.com/book/show/215949651-anansi-boys-i-4,Not Found,Not Found,Not Found
22,https://www.goodreads.com/book/show/594627.1602_Libro_Dos,Not Found,Not Found,Not Found
22,https://www.goodreads.com/book/show/71470866-storie-dall-altrove,Not Found,Not Found,Not Found
22,https://www.goodreads.com/book/show/169028877-the-sandman,Not Found,Not Found,Not Found
22,https://www.goodreads.com/book/show/78256708-el-problema-de-susan-y-otras-historias,Spanish; Castilian,3,Not Found
22,https://www.goodreads.com/book/show/217274455-anansi-boys-i-5,Not Found,Not Found,Not Found
22,https://www.goodreads.com/book/show/13392505-conjunctions,Not Found,1,102
22,https://www.goodreads.com/book/show/60236058-the-doll-s-house,Not Found,Not Found,Not Found
22,https://www.goodreads.com/book/show/34043392-grandes-autores-de-vertigo,Spanish; Castilian,15,Not Found
22,https://www.goodreads.com/book/show/57748320-sandman-volumen-12,Not Found,Not Found,Not Found
22,https://www.goodreads.com/book/show/30238474-sandman-gallery-edition,English,60,Not Found
22,https://www.goodreads.com/book/show/52398856-tastings,Not Found,Not Found,Not Found
22,https://www.goodreads.com/book/show/476186.1602_Libro_Tres,Not Found,Not Found,Not Found
22,https://www.goodreads.com/book/show/48908072-o-livro-do-cemit-rio-hq-vol-1,Not Found,Not Found,Not Found
22,https://www.goodreads.com/book/show/60592888-sandman,Not Found,Not Found,Not Found
22,https://www.goodreads.com/book/show/32945642-marvel-1602-marvel-collection,Not Found,1,19
22,https://www.goodreads.com/book/show/23755768-the-sandman-5-la-casa-de-mu-ecas-parte-1,Not Found,Not Found,Not Found
22,https://www.goodreads.com/book/show/62977947-nordische-mythen-und-sagen-2,Not Found,Not Found,Not Found
22,https://www.goodreads.com/book/show/24279723-the-sandman-7-la-casa-de-mu-ecas-parte-3,Not Found,Not Found,Not Found
22,https://www.goodreads.com/book/show/394976.The_Weerde,English,96,Not Found
22,https://www.goodreads.com/book/show/126084268-sandman---volume-i,Not Found,Not Found,Not Found
22,https://www.goodreads.com/book/show/60407150-monkey-and-the-lady,Not Found,Not Found,Not Found
22,https://www.goodreads.com/book/show/166966415-the-books-of-magic,Not Found,Not Found,Not Found
22,https://www.goodreads.com/book/show/170493387-the-sandman-vol-7,Not Found,Not Found,Not Found
22,https://www.goodreads.com/book/show/46125883-american-gods-bd-3,German,10,Not Found
22,https://www.goodreads.com/book/show/57327095-the-sandman-13,Not Found,Not Found,Not Found
22,https://www.goodreads.com/book/show/70657056-the-books-of-magic,Italian,3,Not Found
22,https://www.goodreads.com/book/show/60401237-the-sandman,Not Found,Not Found,Not Found
22,https://www.goodreads.com/book/show/23777468-a-writer-s-prayer,Not Found,70,Not Found
22,https://www.goodreads.com/book/show/67995604-o-espetacular-homem-aranha-vol-44,Not Found,Not Found,Not Found
23,https://www.goodreads.com/book/show/219089639-the-sandman,Not Found,2,1
23,https://www.goodreads.com/book/show/61135048-vu-des-pop-cultures,Not Found,Not Found,Not Found
23,https://www.goodreads.com/book/show/67995604-o-espetacular-homem-aranha-vol-44,Not Found,Not Found,Not Found
23,https://www.goodreads.com/book/show/59348614-the-neil-gaiman-collection,Not Found,Not Found,Not Found
23,https://www.goodreads.com/book/show/35657698-neverwhere-stardust-anansi-boys-fragile-things-american-gods,Not Found,Not Found,Not Found
23,https://www.goodreads.com/book/show/45885836-american-gods-anansi-boys-neverwhere-stardust,Not Found,Not Found,Not Found
23,https://www.goodreads.com/book/show/25929625-sandman,Not Found,Not Found,Not Found
23,https://www.goodreads.com/book/show/17340505-down-among-the-dead-men,Not Found,72,Not Found
23,https://www.goodreads.com/book/show/61214803-hellblazer,Not Found,Not Found,Not Found
23,https://www.goodreads.com/book/show/913128.A_Really_Useful_Book,Not Found,1,121
23,https://www.goodreads.com/book/show/49877455-sandman-1,Not Found,Not Found,Not Found
23,https://www.goodreads.com/book/show/57326968-the-sandman-10,Not Found,Not Found,Not Found
23,https://www.goodreads.com/book/show/28580574-goldfish-pool,Not Found,Not Found,Not Found
23,https://www.goodreads.com/book/show/206692267-aquello-que-nos-da-calor,Not Found,Not Found,Not Found
23,https://www.goodreads.com/book/show/149426973-the-sandman-comic-4-book-set-vol-1-4-by-neil-gaiman,Not Found,Not Found,Not Found
23,https://www.goodreads.com/book/show/44282713-the-song-of-the-audience,Not Found,Not Found,Not Found
23,https://www.goodreads.com/book/show/40657687-trigger-warning-how-the-marquis-got-his-coat-back-smoke-and-mirrors,Not Found,Not Found,Not Found
23,https://www.goodreads.com/book/show/50240830,Not Found,Not Found,Not Found
23,https://www.goodreads.com/book/show/49443635-100-words,Not Found,Not Found,Not Found
23,https://www.goodreads.com/book/show/157870766-drazliwe-tematy,Not Found,Not Found,Not Found
23,https://www.goodreads.com/book/show/62840859-words-of-fire,Not Found,1,38
23,https://www.goodreads.com/book/show/52154943-sandman-deluxe,Not Found,Not Found,Not Found
23,https://www.goodreads.com/book/show/36309828-welcome-back-to-the-house-of-mystery-1998-1,Not Found,Not Found,Not Found
23,https://www.goodreads.com/book/show/53717690-o-livro-do-cemit-rio,Not Found,Not Found,Not Found
23,https://www.goodreads.com/book/show/153243367-sandman,Not Found,Not Found,Not Found
23,https://www.goodreads.com/book/show/37489718-vertigo,Not Found,Not Found,Not Found
23,https://www.goodreads.com/book/show/125002723-eclectic-dreams,Not Found,Not Found,Not Found
23,https://www.goodreads.com/book/show/126084384-sandman---volume-v,Not Found,Not Found,Not Found
23,https://www.goodreads.com/book/show/153244058-biblioteca-sandman-vol-14,Not Found,Not Found,Not Found
23,https://www.goodreads.com/book/show/51539675-marvel-1602,Not Found,Not Found,Not Found
